﻿<?xml version="1.0" encoding="utf-8"?>
<HelpTOC>

  <HelpTOCNode Id="3c79b955-1017-4323-bf0e-ff60191401cc" Title="OpenVisualization.Charting Namespace" Url="html/ca55e8c3-cb26-5978-999c-24a04ca11ce7.htm">
    <HelpTOCNode Id="fa068ec2-ef46-4891-917d-b5ad1105d54e" Title="ChartBuilder Class" Url="html/aeeb2bc5-051f-8405-7edc-102d1cda8ee0.htm">
      <HelpTOCNode Title="ChartBuilder Members" Url="html/390a15e5-64c0-9e8e-af44-cab63456d81a.htm" />
      <HelpTOCNode Id="0fbc579f-a720-42cb-8f4b-aada5a59a539" Title="ChartBuilder Constructor " Url="html/cddfcddc-0443-b1d2-35ea-87f3b48c4101.htm">
        <HelpTOCNode Title="ChartBuilder Constructor " Url="html/e45a9d50-0efd-20e8-9054-a2504117ae9d.htm" />
        <HelpTOCNode Title="ChartBuilder Constructor (ChartConfigProvider, )" Url="html/640e8578-d328-a703-23ee-234412fe3dab.htm" />
        <HelpTOCNode Title="ChartBuilder Constructor (ChartConfigProvider, Page, Boolean)" Url="html/710d3e28-54eb-9b3e-b961-f06e7843373c.htm" />
      </HelpTOCNode>
      <HelpTOCNode Id="92d8bf82-64a2-41a4-bd3d-92a95b4ac3a9" Title="ChartBuilder Methods" Url="html/4d685e73-16f7-cb31-ea6f-c4a701329755.htm">
        <HelpTOCNode Title="GetChartHtml Method " Url="html/5709d795-f0ac-cf79-5279-b1a972b23307.htm" />
        <HelpTOCNode Title="GetHtmlImageMap Method " Url="html/63c8a53c-4cbd-9537-4033-9225dec9f92e.htm" />
      </HelpTOCNode>
    </HelpTOCNode>
  </HelpTOCNode>
  <HelpTOCNode Id="8c2db65c-8a62-4d6e-8d2c-d7d0f24c8f18" Title="OpenVisualization.Configuration Namespace" Url="html/2e934dfa-5d06-bd50-a1d3-ed130dd67b2f.htm">
    <HelpTOCNode Id="8ac09264-0b80-4351-a977-dd03ada6f6e2" Title="ChartConfigProvider Class" Url="html/b9529e11-5c1f-aa79-2fd1-591922f5271b.htm">
      <HelpTOCNode Title="ChartConfigProvider Members" Url="html/89775863-2272-f32a-b3ec-b938de333910.htm" />
      <HelpTOCNode Id="e3043d2a-668c-4f6a-9e73-b544b99ee98d" Title="ChartConfigProvider Constructor " Url="html/3220d75d-b49a-6b0a-fd99-848042615751.htm">
        <HelpTOCNode Title="ChartConfigProvider Constructor " Url="html/6cacf089-4fad-32ae-69d4-17d4a7000900.htm" />
        <HelpTOCNode Title="ChartConfigProvider Constructor (String)" Url="html/3df57338-eb85-c81a-ff32-384c3792d0d4.htm" />
        <HelpTOCNode Title="ChartConfigProvider Constructor (XmlNode)" Url="html/24864349-7826-dbf1-aa3a-f8e66a55bb70.htm" />
      </HelpTOCNode>
      <HelpTOCNode Title="ChartConfigProvider Methods" Url="html/30aab0b5-f88e-5c4e-8d27-f292cb1cfbb7.htm" />
      <HelpTOCNode Id="650d0ec6-8258-4459-925b-ca0d84e8416f" Title="ChartConfigProvider Properties" Url="html/46d58054-3d45-d2d0-28f7-d2388cad2ec9.htm">
        <HelpTOCNode Title="ChartAreaParams Property " Url="html/be4a2247-7f18-33e2-292c-ce19ef6d63e0.htm" />
        <HelpTOCNode Title="ChartAxisX2Params Property " Url="html/0929bef8-a08f-9546-b74d-be57b6a7a8f4.htm" />
        <HelpTOCNode Title="ChartAxisXParams Property " Url="html/2e4ac2b3-c0b8-7087-6128-41281915ad50.htm" />
        <HelpTOCNode Title="ChartAxisY2Params Property " Url="html/0a211e82-7897-5809-1b5d-521889614184.htm" />
        <HelpTOCNode Title="ChartAxisYParams Property " Url="html/5fcd9280-b5e3-448b-25af-63bae096445a.htm" />
        <HelpTOCNode Title="ChartLegendParams Property " Url="html/d2235c27-78b8-b1e3-5924-f12a5d31e399.htm" />
        <HelpTOCNode Title="ChartParams Property " Url="html/e42b2510-f9b1-62c0-d377-137401664250.htm" />
        <HelpTOCNode Title="DataSource Property " Url="html/d9495027-a145-e512-dbfc-353f003f2841.htm" />
        <HelpTOCNode Title="Series Property " Url="html/70166052-3431-8788-2b29-ded7f52d53e6.htm" />
        <HelpTOCNode Title="URI Property " Url="html/2a055b58-1bdb-b07b-66ef-b2758fd547b4.htm" />
      </HelpTOCNode>
    </HelpTOCNode>
    <HelpTOCNode Id="2dc97781-49a9-4b2e-b185-6b289d710a01" Title="ChartConfigSeries Class" Url="html/09a831a9-ff52-0d8d-cd88-cadb020a1dce.htm">
      <HelpTOCNode Title="ChartConfigSeries Members" Url="html/ea89c150-82ed-41fe-3283-eddd7428984b.htm" />
      <HelpTOCNode Title="ChartConfigSeries Constructor " Url="html/ca3173f2-7adb-7d57-8b03-4fba4d2befc8.htm" />
      <HelpTOCNode Id="a8183902-dbc7-4760-a77d-ba248b447d71" Title="ChartConfigSeries Methods" Url="html/5d955946-de51-2345-3233-50f0d0a7a6c2.htm">
        <HelpTOCNode Title="Dispose Method " Url="html/1dac924d-6973-9786-01c5-860bfde3aa2c.htm" />
        <HelpTOCNode Title="Sort Method " Url="html/b36fa43c-8b54-6444-ac94-33981040f78a.htm" />
      </HelpTOCNode>
      <HelpTOCNode Id="7fa0e99c-93c3-469e-a8fc-4fed1cd411e7" Title="ChartConfigSeries Properties" Url="html/5a82e8ee-abcd-c2a7-49ad-3447db07cbd2.htm">
        <HelpTOCNode Title="IsXAxisLabel Property " Url="html/39e0bfc8-48f9-1f09-2873-0b3b03b33d9e.htm" />
        <HelpTOCNode Title="Item Property " Url="html/1d781c72-a908-cc37-7ec0-967ced03300e.htm" />
        <HelpTOCNode Title="XPath Property " Url="html/5e0192d5-36a0-c2d5-6397-23ecad297577.htm" />
      </HelpTOCNode>
    </HelpTOCNode>
    <HelpTOCNode Title="DataSourceType Enumeration" Url="html/71d6c617-5f2a-3bd5-ebf2-1757a1771316.htm" />
  </HelpTOCNode>
  <HelpTOCNode Id="26cc21dd-e4c9-4f76-b5c8-7d2e751178df" Title="OpenVisualization.Data Namespace" Url="html/dca68b9d-8016-a4c5-1c60-01ec1135beed.htm">
    <HelpTOCNode Id="b76a4225-cb34-49b1-a3c5-63d4d505dc05" Title="ChartDataReaderBase Class" Url="html/64ac165a-f170-357d-c6cc-daec60c9e84b.htm">
      <HelpTOCNode Title="ChartDataReaderBase Members" Url="html/becb2648-a8db-c42a-9c31-1c099f3aa5ac.htm" />
      <HelpTOCNode Title="ChartDataReaderBase Constructor " Url="html/037a7fb3-de36-7267-5aea-c0a8d6ad34ee.htm" />
      <HelpTOCNode Id="9a5b3942-56ef-45f3-a30d-a642e6a57a59" Title="ChartDataReaderBase Methods" Url="html/850ece23-bdd0-3c95-d3be-7ea9763c1f9d.htm">
        <HelpTOCNode Title="Copy Method " Url="html/fea92bdd-ee31-8aba-dfdb-57bbdf97bfb1.htm" />
        <HelpTOCNode Title="GenerateDataSet Method " Url="html/7623c270-e0d5-3a21-84af-362577f94b3c.htm" />
        <HelpTOCNode Title="getXML Method " Url="html/568e0a2b-f9b7-bb6b-9a7b-6cd7f8137a9f.htm" />
        <HelpTOCNode Title="LINQToDataTable(T) Method " Url="html/37653209-dce6-1902-1ddb-308123bae194.htm" />
      </HelpTOCNode>
    </HelpTOCNode>
    <HelpTOCNode Id="8cf4ebd9-5a86-427a-b0c6-954e002394ab" Title="OMSReader Class" Url="html/ba56aeba-a1df-cc9e-f5c0-e8cb331a13ff.htm">
      <HelpTOCNode Title="OMSReader Members" Url="html/d1803e74-add3-77e6-7ddd-c8c3488e92f4.htm" />
      <HelpTOCNode Title="OMSReader Constructor " Url="html/105a8eb8-dbaf-6f80-235f-af77e7377f61.htm" />
      <HelpTOCNode Id="74d85853-2574-4d27-b1a6-c0b74e349c94" Title="OMSReader Methods" Url="html/93ebb2ea-a6a6-47ab-a446-2861f65236d5.htm">
        <HelpTOCNode Title="getXML Method " Url="html/e4235ae2-05ad-2fb5-ade1-f57fb2a6a891.htm" />
      </HelpTOCNode>
      <HelpTOCNode Id="b086caa0-d209-4bcf-93e8-b9879c6d03bf" Title="OMSReader Properties" Url="html/1ab9e4c9-96f3-8e8e-3d37-a4ba0d3a9624.htm">
        <HelpTOCNode Title="EndDate Property " Url="html/9d719eb2-f8f0-ce83-943c-3be6a2ffd59e.htm" />
        <HelpTOCNode Title="Sensors Property " Url="html/83ef186c-89c1-c136-6941-35c694376f83.htm" />
        <HelpTOCNode Title="StartDate Property " Url="html/025f969a-8262-290c-346f-5a738d02dcd6.htm" />
      </HelpTOCNode>
    </HelpTOCNode>
    <HelpTOCNode Id="deab2725-6299-46cc-bde0-4cb44e38ebba" Title="YahooReader Class" Url="html/c877ab5c-a357-ba58-58c2-61b7dfa7025f.htm">
      <HelpTOCNode Title="YahooReader Members" Url="html/d3bb8e54-dc20-19d3-5525-9f3e687392d3.htm" />
      <HelpTOCNode Title="YahooReader Constructor " Url="html/154827f3-af97-e885-2ed0-65de6104ba67.htm" />
      <HelpTOCNode Id="f4c3de84-cddc-4094-826c-05e143a31dc0" Title="YahooReader Methods" Url="html/9c62135f-9492-29f7-b04d-ab8ae16046c1.htm">
        <HelpTOCNode Title="getXML Method " Url="html/4c3733d0-cd48-b05f-0c94-8f5de6d3b84e.htm" />
      </HelpTOCNode>
      <HelpTOCNode Id="67c0db18-1b1a-430a-9671-7df0e980794d" Title="YahooReader Properties" Url="html/c6d79015-4faf-b7c1-745a-3dd807eca344.htm">
        <HelpTOCNode Title="EndDate Property " Url="html/f2d31015-4b74-4821-cb11-f50ed82434f4.htm" />
        <HelpTOCNode Title="StartDate Property " Url="html/a7d447ed-53e0-13cf-2dae-cd7a0ad0cc8a.htm" />
        <HelpTOCNode Title="Ticker Property " Url="html/506ebca9-7863-b430-66c2-39d931ac24f6.htm" />
      </HelpTOCNode>
    </HelpTOCNode>
  </HelpTOCNode>
  <HelpTOCNode Id="dca38825-15b2-4730-a13d-84c18e9fa97d" Title="OpenVisualization.Data.DataContext Namespace" Url="html/eb869b8e-0241-356a-778f-6632dffd2788.htm">
    <HelpTOCNode Id="c53f00ec-46f0-4320-a6b5-68786e63ecd5" Title="OmsDataContext Class" Url="html/c8749e03-7a47-f680-3817-03fd6f1246d5.htm">
      <HelpTOCNode Title="OmsDataContext Members" Url="html/0eb36bf8-d08e-436e-c555-3893e049b950.htm" />
      <HelpTOCNode Id="fffa9f8f-b98b-467f-ba9a-c2e86b3a6caa" Title="OmsDataContext Constructor " Url="html/c19486c8-701c-a0a5-4291-3b08d72c68ac.htm">
        <HelpTOCNode Title="OmsDataContext Constructor " Url="html/5774029a-5b18-115d-f78e-6152d96762e3.htm" />
        <HelpTOCNode Title="OmsDataContext Constructor (IDbConnection)" Url="html/a8a96fe8-2a7a-c856-4349-18c3c3991cc3.htm" />
        <HelpTOCNode Title="OmsDataContext Constructor (String)" Url="html/73493176-87d0-01bc-95e6-f59d58de8f81.htm" />
        <HelpTOCNode Title="OmsDataContext Constructor (IDbConnection, MappingSource)" Url="html/408e4017-3e18-4083-1a60-5d6f31268a4d.htm" />
        <HelpTOCNode Title="OmsDataContext Constructor (String, MappingSource)" Url="html/4530719e-fbca-219c-1379-48be67688963.htm" />
      </HelpTOCNode>
      <HelpTOCNode Id="a0dbd2f4-c477-4e58-8fed-1c71a251fd61" Title="OmsDataContext Methods" Url="html/ae86161d-a143-3287-9860-221562ab7a11.htm">
        <HelpTOCNode Title="Dispose Method " Url="html/fe7b9811-bb6d-371d-23cc-ca94b74af82b.htm" />
        <HelpTOCNode Title="Refresh Method " Url="html/b15acede-b56b-10e9-8ee5-a0085e8f5d80.htm" />
        <HelpTOCNode Title="SubmitChanges Method " Url="html/51464bd7-8e39-3fa7-6b04-9b3a0ac52671.htm" />
      </HelpTOCNode>
      <HelpTOCNode Id="7e59fbfc-e5a4-45f8-aebd-5d64c2af84b3" Title="OmsDataContext Properties" Url="html/fc693252-4bd6-ca42-d3ff-73b5b1c232d4.htm">
        <HelpTOCNode Title="Queries Property " Url="html/5ab59dbf-c51d-6218-4cb3-620e4989da59.htm" />
      </HelpTOCNode>
    </HelpTOCNode>
    <HelpTOCNode Id="da89be89-6d62-44c0-8494-7aa3b6bc56c6" Title="Query Class" Url="html/4e3ebb4a-915c-1cb4-51cd-d879031728ac.htm">
      <HelpTOCNode Title="Query Members" Url="html/a7501131-1345-b3db-831b-b04d5bb77d84.htm" />
      <HelpTOCNode Title="Query Constructor " Url="html/1b5109a0-6621-75d3-3712-889c862b5e14.htm" />
      <HelpTOCNode Title="Query Methods" Url="html/92a26e8e-7233-8b31-5276-4e2e7300f3e7.htm" />
      <HelpTOCNode Id="2c26a745-f3a5-43a2-8135-6aadb00336af" Title="Query Properties" Url="html/b15c86dd-10b4-1614-c3df-3b0ac3120113.htm">
        <HelpTOCNode Title="aux_voltage Property " Url="html/a0a8bfde-50a0-ddb4-a93d-21eaf1d49c88.htm" />
        <HelpTOCNode Title="battery_voltage Property " Url="html/ae884809-d155-7110-76ae-fe3be5b3e622.htm" />
        <HelpTOCNode Title="create_date Property " Url="html/a11e051b-64a7-9322-0de1-4bba9530da3b.htm" />
        <HelpTOCNode Title="data_sentence Property " Url="html/6a8ea707-3138-e4d5-c326-55720626c9cd.htm" />
        <HelpTOCNode Title="dew_point Property " Url="html/e0721777-290f-37e6-ee8c-24cb59a89910.htm" />
        <HelpTOCNode Title="gallons Property " Url="html/d05329e3-dd79-d107-15dc-996a37c9398e.htm" />
        <HelpTOCNode Title="gpp Property " Url="html/c929eec8-ea14-9bfc-7f09-96dffa095342.htm" />
        <HelpTOCNode Title="gway_config_rev Property " Url="html/d9954878-a512-6a7d-a54d-3649f86bacd9.htm" />
        <HelpTOCNode Title="gway_id Property " Url="html/3308ed4b-2ef9-4c76-6730-18ca6d425636.htm" />
        <HelpTOCNode Title="gway_rev Property " Url="html/c50de48a-7d97-56ea-a174-5051d14616a8.htm" />
        <HelpTOCNode Title="gway_seq_nbr Property " Url="html/c3432861-bb90-f2ee-4663-76707572a3b8.htm" />
        <HelpTOCNode Title="gway_type Property " Url="html/b4bb75f1-da1f-4274-1cd8-b299708c0ba6.htm" />
        <HelpTOCNode Title="humidity Property " Url="html/29247253-a7aa-990d-9616-60492ef2718f.htm" />
        <HelpTOCNode Title="network_id Property " Url="html/6032266a-4a42-b6b6-f89e-b914738f4f32.htm" />
        <HelpTOCNode Title="read_date Property " Url="html/f1cc9070-4cfc-150d-4b0b-93970da90948.htm" />
        <HelpTOCNode Title="sensor_config_rev Property " Url="html/678e1d5c-5bf0-219d-1409-9aaa39cdd408.htm" />
        <HelpTOCNode Title="sensor_id Property " Url="html/5261935a-3b72-ad0d-e806-1a2bd34fb0f8.htm" />
        <HelpTOCNode Title="sensor_rev Property " Url="html/2d32dbdb-04cc-7fd8-0fec-695197419acb.htm" />
        <HelpTOCNode Title="sensor_type Property " Url="html/42e0f132-59a2-e170-1fa2-27ec043912b5.htm" />
        <HelpTOCNode Title="site_nbr Property " Url="html/eb80e64b-cf79-4f0a-c0f9-e7df9430a3c1.htm" />
        <HelpTOCNode Title="temperature Property " Url="html/8034ce69-467b-72c9-93c0-264b25d41951.htm" />
        <HelpTOCNode Title="wood_pct Property " Url="html/d92e383e-914f-def5-5aac-6e968f2bc0cd.htm" />
      </HelpTOCNode>
    </HelpTOCNode>
  </HelpTOCNode>
  <HelpTOCNode Id="5f14a5ad-b8bf-4a79-abcc-80b3d604e30f" Title="OpenVisualization.Services Namespace" Url="html/36dae43e-2b2f-9399-fb3c-03858b8d3761.htm">
    <HelpTOCNode Id="785c45af-7f47-46c6-9034-125512722761" Title="GetChart Class" Url="html/0ce133d6-483a-fcdb-117e-66c01e0a19b5.htm">
      <HelpTOCNode Title="GetChart Members" Url="html/c1983f56-d7de-d88f-ca1c-ef4ecd1ceff7.htm" />
      <HelpTOCNode Title="GetChart Constructor " Url="html/976c834c-a89f-af2f-1750-5cb0f085772e.htm" />
      <HelpTOCNode Id="1fa7007c-fd4b-4044-880b-a89b4cd62722" Title="GetChart Methods" Url="html/b0eaa154-ae33-29c5-c06d-e81c18c0981c.htm">
        <HelpTOCNode Title="Dispose Method " Url="html/e6c559df-76a9-7f38-7f09-f5d225a3f57e.htm" />
        <HelpTOCNode Title="GetStaticImage Method " Url="html/15972f01-87f0-a89c-0ef3-cd1701e61409.htm" />
        <HelpTOCNode Title="HelloWorld Method " Url="html/947bcf14-2dd0-4534-ca49-23755a38881c.htm" />
        <HelpTOCNode Title="PostXml Method " Url="html/52bccc2e-875f-8970-f216-f41c8595e2e4.htm" />
      </HelpTOCNode>
      <HelpTOCNode Title="GetChart Properties" Url="html/e29dd965-67db-af24-72e3-f2027804c024.htm" />
      <HelpTOCNode Title="GetChart Events" Url="html/f77235bd-06dd-db8e-d38b-659889401aae.htm" />
    </HelpTOCNode>
    <HelpTOCNode Id="bb3fb791-f547-413f-9d6c-8572be5f32bf" Title="GetChartImageMap Class" Url="html/2c8a9797-953c-8e6c-6963-66bf8b3ff608.htm">
      <HelpTOCNode Title="GetChartImageMap Members" Url="html/874d19da-8692-43ca-7094-f234a8fc391e.htm" />
      <HelpTOCNode Title="GetChartImageMap Constructor " Url="html/6c49e480-63fc-f49c-d1da-2aa4ee0f581a.htm" />
      <HelpTOCNode Id="f9d34887-f029-41e9-9dbd-07263d74f813" Title="GetChartImageMap Methods" Url="html/a59ed724-7d05-8c84-4c7f-a341665a8f02.htm">
        <HelpTOCNode Title="AddOnPreRenderCompleteAsync Method " Url="html/96512292-fe70-256d-1bdc-897ef915fa13.htm" />
        <HelpTOCNode Title="DataBind Method " Url="html/0fc20f19-5010-66e0-793e-51c01a0c9a4e.htm" />
        <HelpTOCNode Title="Eval Method " Url="html/77f8a716-7301-c403-6874-474d607f9b16.htm" />
        <HelpTOCNode Title="FindControl Method " Url="html/b05b0bb5-7b75-8cb4-afa7-7c4a07a6a933.htm" />
        <HelpTOCNode Title="GetGlobalResourceObject Method " Url="html/48c1ffab-0344-9208-269e-2c1d67fa5d57.htm" />
        <HelpTOCNode Title="GetLocalResourceObject Method " Url="html/ec730bdd-933a-5fd2-7f26-3d6124f429a5.htm" />
        <HelpTOCNode Title="GetPostBackEventReference Method " Url="html/f2f919ce-e0e6-7134-9c27-e8342bf447d3.htm" />
        <HelpTOCNode Title="InitOutputCache Method " Url="html/e9212243-9c20-3506-a151-7061502b19e9.htm" />
        <HelpTOCNode Title="LoadControl Method " Url="html/dc447d61-4ebd-34b5-4fe0-0497faa7f1ba.htm" />
        <HelpTOCNode Title="Page_Load Method " Url="html/56bc84c0-2e55-d514-e98f-14a7e0d95aef.htm" />
        <HelpTOCNode Title="ParseControl Method " Url="html/3425c5de-a332-b654-9943-44b0febb73d2.htm" />
        <HelpTOCNode Title="RenderControl Method " Url="html/2e542a99-f03f-fd66-4902-8ce2f370a410.htm" />
        <HelpTOCNode Title="SetFocus Method " Url="html/a4122d71-c273-4d10-b5c4-c9f020815222.htm" />
        <HelpTOCNode Title="Validate Method " Url="html/ff87c751-f995-8d1b-612d-c32cb179238c.htm" />
        <HelpTOCNode Title="XPath Method " Url="html/f54dfe46-6bb8-e821-64b4-8f5df787c680.htm" />
        <HelpTOCNode Title="XPathSelect Method " Url="html/122594ab-c5ec-7ad2-e119-d1240484bcd8.htm" />
      </HelpTOCNode>
      <HelpTOCNode Title="GetChartImageMap Properties" Url="html/8b8bb422-65c0-08bb-7904-9ef6c09a93c3.htm" />
      <HelpTOCNode Title="GetChartImageMap Events" Url="html/bd45688f-56ae-6a72-7b12-7900221818b9.htm" />
    </HelpTOCNode>
    <HelpTOCNode Id="bc375729-89f9-46ff-8fe6-7638b6b5189b" Title="GetPriceHistory Class" Url="html/21d63395-19c5-983a-2eca-886bd6e1ab98.htm">
      <HelpTOCNode Title="GetPriceHistory Members" Url="html/5ab6e0f6-6b63-8147-b3aa-414c40d9d98c.htm" />
      <HelpTOCNode Title="GetPriceHistory Constructor " Url="html/f0cf5226-40a4-5526-5776-6ed2a04c5f4b.htm" />
      <HelpTOCNode Id="4b5fd548-6b50-4907-824b-16b7ff47454a" Title="GetPriceHistory Methods" Url="html/2601e402-efd6-7708-b221-3cb3d3951a49.htm">
        <HelpTOCNode Title="AddOnPreRenderCompleteAsync Method " Url="html/8989c2e2-8fc8-a1ec-5c3b-5932eef227a2.htm" />
        <HelpTOCNode Title="DataBind Method " Url="html/29d75db5-6cd8-f21b-08bd-f44bd7c01fdf.htm" />
        <HelpTOCNode Title="Eval Method " Url="html/9196311e-c1b0-14c5-c934-b9272815bd00.htm" />
        <HelpTOCNode Title="FindControl Method " Url="html/7b050ae6-e9b1-3dd0-7d05-4f3e4c70e478.htm" />
        <HelpTOCNode Title="GetGlobalResourceObject Method " Url="html/3e591354-8bb1-7473-a6e1-2a60b60e489b.htm" />
        <HelpTOCNode Title="GetLocalResourceObject Method " Url="html/2bd5b79a-2b6d-6d04-2e6c-3897bdfb0f82.htm" />
        <HelpTOCNode Title="GetPostBackEventReference Method " Url="html/9c6bf6c6-b6e8-6e55-f145-fea5e7878d44.htm" />
        <HelpTOCNode Title="InitOutputCache Method " Url="html/a5f579c9-0b24-4f37-8292-ec577bda8a8d.htm" />
        <HelpTOCNode Title="LoadControl Method " Url="html/9a67c10a-e554-726a-9ad9-9d4e5adc86a6.htm" />
        <HelpTOCNode Title="Page_Load Method " Url="html/590af4c2-7521-8e98-3f08-12deb624ac15.htm" />
        <HelpTOCNode Title="ParseControl Method " Url="html/d281abbf-7a9f-adbd-006f-163cf65f6dd9.htm" />
        <HelpTOCNode Title="RenderControl Method " Url="html/18e06bec-1230-086f-3573-a8a6b1afb432.htm" />
        <HelpTOCNode Title="SetFocus Method " Url="html/3b172638-95d9-a5f8-088d-502fe8adc91d.htm" />
        <HelpTOCNode Title="Validate Method " Url="html/82865387-aac4-706f-ead2-bc8b3c019390.htm" />
        <HelpTOCNode Title="XPath Method " Url="html/83581bb8-8fc3-4611-b424-3c09a36ad989.htm" />
        <HelpTOCNode Title="XPathSelect Method " Url="html/6853d492-bd36-3dd4-faa2-8f6182a8ca5d.htm" />
      </HelpTOCNode>
      <HelpTOCNode Title="GetPriceHistory Properties" Url="html/9b0966b3-8936-3b7b-733b-e792d4650d54.htm" />
      <HelpTOCNode Title="GetPriceHistory Events" Url="html/bd17dc8a-eddb-0141-6b5b-9988dc25bef0.htm" />
    </HelpTOCNode>
    <HelpTOCNode Id="b741715d-a8f2-4f3d-af9b-73bfcfdf5588" Title="GetStaticChartImage Class" Url="html/ad8a3d9c-468b-4ebb-04aa-88935b11ce68.htm">
      <HelpTOCNode Title="GetStaticChartImage Members" Url="html/9b6e3391-7d75-3447-fe92-8e63383f6f63.htm" />
      <HelpTOCNode Title="GetStaticChartImage Constructor " Url="html/062bc9c5-8d73-727c-77b2-22085a669e2e.htm" />
      <HelpTOCNode Id="88465993-6712-4b64-ae03-4bd703af9474" Title="GetStaticChartImage Methods" Url="html/06d4451d-b39e-6585-8fd2-92f63589bb20.htm">
        <HelpTOCNode Title="AddOnPreRenderCompleteAsync Method " Url="html/fe1633da-d4de-88a2-8c6a-96f6ff2976ca.htm" />
        <HelpTOCNode Title="DataBind Method " Url="html/d7acdcef-7a24-4f18-54d1-f4d04010b300.htm" />
        <HelpTOCNode Title="Eval Method " Url="html/be1ea0eb-896b-9159-576d-9502bec10ac1.htm" />
        <HelpTOCNode Title="FindControl Method " Url="html/47fbbc14-577e-a580-f875-386428b6f5d0.htm" />
        <HelpTOCNode Title="GetGlobalResourceObject Method " Url="html/25be1393-45cc-cb17-baea-79e9e7fd0bc4.htm" />
        <HelpTOCNode Title="GetLocalResourceObject Method " Url="html/76306ffc-7fc5-57c3-1509-82e5278cd2b3.htm" />
        <HelpTOCNode Title="GetPostBackEventReference Method " Url="html/4ddde406-50b5-1500-e2c2-64edfd7a76fa.htm" />
        <HelpTOCNode Title="InitOutputCache Method " Url="html/75123cfd-a939-a6be-029f-faa329203b62.htm" />
        <HelpTOCNode Title="LoadControl Method " Url="html/387ed3f6-9da3-af82-63b6-0608295eb22b.htm" />
        <HelpTOCNode Title="Page_Load Method " Url="html/25e06313-4659-84ce-8f4f-3f5fd15b096f.htm" />
        <HelpTOCNode Title="ParseControl Method " Url="html/1a2953d6-54c3-cc40-136d-f693bcc10b1e.htm" />
        <HelpTOCNode Title="RenderControl Method " Url="html/22828a1f-4c73-c19d-cfb9-4de75a15fccb.htm" />
        <HelpTOCNode Title="SetFocus Method " Url="html/eedc55ec-383f-97b9-fed5-811ee38a2584.htm" />
        <HelpTOCNode Title="Validate Method " Url="html/8ce011fc-da4c-531e-f26a-61b5129e1f93.htm" />
        <HelpTOCNode Title="XPath Method " Url="html/ca56b37b-1304-96c3-2931-0bcbcf96ab43.htm" />
        <HelpTOCNode Title="XPathSelect Method " Url="html/73cbe218-30ae-4a3a-abce-0b4bf1143324.htm" />
      </HelpTOCNode>
      <HelpTOCNode Title="GetStaticChartImage Properties" Url="html/2ba57bfe-e428-94df-ea19-846417fe82d1.htm" />
      <HelpTOCNode Title="GetStaticChartImage Events" Url="html/781454d4-4c9e-0bc3-b694-ed7730dbf3b5.htm" />
    </HelpTOCNode>
    <HelpTOCNode Id="15d39339-e772-49f6-879b-edb2a6017023" Title="GetTelemetryData Class" Url="html/821f129c-b061-f5ea-42d6-34c7bdc64051.htm">
      <HelpTOCNode Title="GetTelemetryData Members" Url="html/07c9ed0d-b0d6-e6f2-8a45-2dedda14b087.htm" />
      <HelpTOCNode Title="GetTelemetryData Constructor " Url="html/f3cb9422-4f30-beca-c353-348a99898a6e.htm" />
      <HelpTOCNode Id="e6c126a2-ae4f-4c62-b69a-b0c4c310a6cc" Title="GetTelemetryData Methods" Url="html/e761b308-5223-1f2e-048c-d53d08de690e.htm">
        <HelpTOCNode Title="AddOnPreRenderCompleteAsync Method " Url="html/ed72391f-54bd-a73d-99bb-416b98b6c037.htm" />
        <HelpTOCNode Title="DataBind Method " Url="html/bc1f9383-c452-8c86-6f30-b1561ec56332.htm" />
        <HelpTOCNode Title="Eval Method " Url="html/2034782e-857b-d8aa-658d-1d6e63437ae1.htm" />
        <HelpTOCNode Title="FindControl Method " Url="html/ceb54977-c3f9-7eec-1eec-9e4fa5296a97.htm" />
        <HelpTOCNode Title="GetGlobalResourceObject Method " Url="html/1d151e60-2aeb-4e25-cee7-651754295e12.htm" />
        <HelpTOCNode Title="GetLocalResourceObject Method " Url="html/c7df1f58-aac2-deb7-d1e7-c1a59d9bd90f.htm" />
        <HelpTOCNode Title="GetPostBackEventReference Method " Url="html/f0402207-cd38-9bd9-95a7-35c3867599f9.htm" />
        <HelpTOCNode Title="InitOutputCache Method " Url="html/7ab04120-51a4-22aa-fa0d-7e7acc5fb3ef.htm" />
        <HelpTOCNode Title="LoadControl Method " Url="html/03b9db57-0c8d-c630-7151-5071030ccfde.htm" />
        <HelpTOCNode Title="Page_Load Method " Url="html/fbda84c6-711f-5294-f819-2c11536af801.htm" />
        <HelpTOCNode Title="ParseControl Method " Url="html/e914b1d7-7a43-b27b-fb9c-bc63b0b804a4.htm" />
        <HelpTOCNode Title="RenderControl Method " Url="html/dc5c2cb4-4c88-755b-a39d-b2e77efd16b2.htm" />
        <HelpTOCNode Title="SetFocus Method " Url="html/58b2d5b0-c71e-5ac7-b0e8-915af47e83c5.htm" />
        <HelpTOCNode Title="Validate Method " Url="html/b1e7f766-a7a1-be87-6127-3fe1586be12f.htm" />
        <HelpTOCNode Title="XPath Method " Url="html/8d307e04-880e-c55c-96ad-fc31bb241db2.htm" />
        <HelpTOCNode Title="XPathSelect Method " Url="html/c4c5494c-3482-bf19-473b-3c89b4a6ad97.htm" />
      </HelpTOCNode>
      <HelpTOCNode Title="GetTelemetryData Properties" Url="html/beeed589-0ece-4250-8268-c64324c61714.htm" />
      <HelpTOCNode Title="GetTelemetryData Events" Url="html/bb240790-52df-802b-c869-b87b29a89811.htm" />
    </HelpTOCNode>
    <HelpTOCNode Id="7be4b386-d3a8-4497-9ca7-407fd685e847" Title="RESTTest Class" Url="html/ace58468-f336-9233-7884-a48094d15fbd.htm">
      <HelpTOCNode Title="RESTTest Members" Url="html/a18c0ed0-2715-86f4-1453-f8c1f4a3bf9a.htm" />
      <HelpTOCNode Title="RESTTest Constructor " Url="html/caddee7a-320b-61c1-c02e-ecfed9b68d71.htm" />
      <HelpTOCNode Id="5289828b-49c6-4993-ab10-942534c2c3bc" Title="RESTTest Fields" Url="html/0ef58353-7f10-89e6-bf70-dfdb76e3adae.htm">
        <HelpTOCNode Title="btnSubmitImageXML Field" Url="html/dd8a1016-0fbd-c5c5-0978-30b41cc67949.htm" />
        <HelpTOCNode Title="form1 Field" Url="html/60a4564b-ece0-bbd0-cf27-541cfcd26e12.htm" />
        <HelpTOCNode Title="pnlRESTImageSubmit Field" Url="html/53314b52-0d37-0565-0868-bd6fe470d1e5.htm" />
        <HelpTOCNode Title="rblConfigs Field" Url="html/0708851b-a5c0-91b2-2185-c293cd585f65.htm" />
      </HelpTOCNode>
      <HelpTOCNode Id="8c93680f-2f7f-4758-990d-5a3cd59e655a" Title="RESTTest Methods" Url="html/407eb7df-fdaa-d66d-02e4-a040492dc8e2.htm">
        <HelpTOCNode Title="AddOnPreRenderCompleteAsync Method " Url="html/1f59b5b3-b993-a98c-6917-68c6aeaec570.htm" />
        <HelpTOCNode Title="btnSubmitImageXML_Click Method " Url="html/ceb4c1bd-d722-81fb-e4c3-20eb768b9db0.htm" />
        <HelpTOCNode Title="DataBind Method " Url="html/9c10ffe3-f982-3157-52fd-d5730bd84dee.htm" />
        <HelpTOCNode Title="Eval Method " Url="html/cc279394-c3f4-18a1-c5b6-3f4fab0b6bea.htm" />
        <HelpTOCNode Title="FindControl Method " Url="html/7d3ad0aa-109d-d9a0-8641-31209c4d6f85.htm" />
        <HelpTOCNode Title="GetGlobalResourceObject Method " Url="html/bae325ab-727c-3d84-f9cc-8259196e72eb.htm" />
        <HelpTOCNode Title="GetLocalResourceObject Method " Url="html/32881646-260c-ebc1-f0bc-3a5acd2edc5f.htm" />
        <HelpTOCNode Title="GetPostBackEventReference Method " Url="html/82821c8d-3189-1da7-fac9-2c86ad80da93.htm" />
        <HelpTOCNode Title="InitOutputCache Method " Url="html/82bde3dd-a674-f441-4ad9-49df2782f8ab.htm" />
        <HelpTOCNode Title="LoadControl Method " Url="html/660176b9-01d8-4c2f-eca8-d110d1c9f205.htm" />
        <HelpTOCNode Title="Page_Load Method " Url="html/cc2c3e65-1fcc-4870-20af-11d342921525.htm" />
        <HelpTOCNode Title="ParseControl Method " Url="html/568217d3-f03b-b022-04b0-47d646462cbf.htm" />
        <HelpTOCNode Title="PostXml Method " Url="html/0deb7ee7-fb06-290b-9893-9887cc64c21a.htm" />
        <HelpTOCNode Title="RenderControl Method " Url="html/6988339a-3b8d-38bd-302e-c7c3ef2cbb3b.htm" />
        <HelpTOCNode Title="SetFocus Method " Url="html/326bd715-2ab6-0fe3-10e6-5aef2e8bf6a8.htm" />
        <HelpTOCNode Title="Validate Method " Url="html/dc435e7e-48d7-f78c-a6ee-dee751e74cd1.htm" />
        <HelpTOCNode Title="XPath Method " Url="html/eb9cd7a4-a5be-5083-91e0-8421803e1d51.htm" />
        <HelpTOCNode Title="XPathSelect Method " Url="html/810ae2e2-3464-7c1d-b7b0-d772429d263b.htm" />
      </HelpTOCNode>
      <HelpTOCNode Title="RESTTest Properties" Url="html/668c1e37-0c1e-1884-b9bd-7350d08b1e02.htm" />
      <HelpTOCNode Title="RESTTest Events" Url="html/5964e89f-3b3c-b52d-0510-e29b3ce44af2.htm" />
    </HelpTOCNode>
  </HelpTOCNode>
  <HelpTOCNode Id="25935c60-67d6-4ca5-bfd4-9440fc04178f" Title="OpenVisualization.Web Namespace" Url="html/9d0963fc-c048-5644-ad49-09d9f2c203fd.htm">
    <HelpTOCNode Id="1910948e-acbc-4998-a5c8-3c869724943c" Title="Default Class" Url="html/bda3f2f2-4f92-9881-39e7-9e2d6e71ea86.htm">
      <HelpTOCNode Title="Default Members" Url="html/01fd9951-87d1-59e5-8d08-4195b4c6af3e.htm" />
      <HelpTOCNode Title="Default Constructor " Url="html/c7c2aafc-d7dd-c7e7-85ec-a7fad63d69ff.htm" />
      <HelpTOCNode Id="272109eb-6d0b-4215-9d61-bce2cd437b4c" Title="Default Fields" Url="html/20ba9168-507d-139c-a7d0-0f7174413883.htm">
        <HelpTOCNode Title="btnShowPieChart Field" Url="html/369adfba-fe45-0f9d-0358-46d446376402.htm" />
        <HelpTOCNode Title="btnShowTelemeteryData Field" Url="html/d0bcf917-39c9-fd3b-1a10-a31a9b300a00.htm" />
        <HelpTOCNode Title="btnShowTimeSeries Field" Url="html/cce27e44-f842-9f91-d253-d6ccb3d485fd.htm" />
        <HelpTOCNode Title="Button1 Field" Url="html/7fbb5271-2575-b68f-304b-4899695d317e.htm" />
        <HelpTOCNode Title="Button2 Field" Url="html/78ae6022-e6cd-d34d-d738-52498cac23cc.htm" />
        <HelpTOCNode Title="Button3 Field" Url="html/4a876209-6cac-9112-015c-318d4e8e18ba.htm" />
        <HelpTOCNode Title="Chart1 Field" Url="html/137d5f7a-262f-b7b0-6710-ec67f67e81bd.htm" />
        <HelpTOCNode Title="Chart2 Field" Url="html/d9c63f48-c344-4de2-1509-74b264723fec.htm" />
        <HelpTOCNode Title="Chart3 Field" Url="html/37c66650-11c1-b54d-90ee-1c3311e0e526.htm" />
        <HelpTOCNode Title="enddate Field" Url="html/46601c0d-48fd-543e-5892-f7047743502a.htm" />
        <HelpTOCNode Title="form2 Field" Url="html/e1e6cd44-7bbe-8d06-7e56-f67cf1820de7.htm" />
        <HelpTOCNode Title="pnlChartParams Field" Url="html/c381605e-eba1-3a8f-6664-6c9159de9c46.htm" />
        <HelpTOCNode Title="pnlPieChart Field" Url="html/564725c6-01bb-1be9-80a6-c36e35fc131e.htm" />
        <HelpTOCNode Title="pnlTelemetryData Field" Url="html/3c93104e-6495-a76e-9167-550c5fa343c0.htm" />
        <HelpTOCNode Title="pnlTimeSeries Field" Url="html/cb2c366f-a100-6cab-1caf-b76bb07ec7d7.htm" />
        <HelpTOCNode Title="Scriptmanager1 Field" Url="html/06c8e2a3-ba48-2be9-4dc1-1846dd75533f.htm" />
        <HelpTOCNode Title="startdate Field" Url="html/55cf3bcc-61a6-0042-22e5-fa6e01a98c19.htm" />
        <HelpTOCNode Title="ticker Field" Url="html/61b6140c-4c27-8e88-10c1-4be8427f4def.htm" />
        <HelpTOCNode Title="UpdatePanel1 Field" Url="html/46f7737d-19d6-a7cb-b0bc-9fa6c9bbdc98.htm" />
      </HelpTOCNode>
      <HelpTOCNode Id="e7468ee8-6590-4603-be8d-114970bbb9c8" Title="Default Methods" Url="html/0dbbf5b0-8878-3ab2-cc0f-3bbbd85f4655.htm">
        <HelpTOCNode Title="AddOnPreRenderCompleteAsync Method " Url="html/64aa410c-bf2e-c487-8dc2-8733b6ea8f47.htm" />
        <HelpTOCNode Title="btnShowPieChart_Click Method " Url="html/4491e80e-92f5-ddfb-7720-14064ac47bb2.htm" />
        <HelpTOCNode Title="btnShowRESTImageSubmit_Click Method " Url="html/72453431-5029-3b36-ff41-698719882367.htm" />
        <HelpTOCNode Title="btnShowTelemetryData_Click Method " Url="html/22c963e9-9ddf-8b9a-5560-eb50e47f03e6.htm" />
        <HelpTOCNode Title="btnShowTimeSeries_Click Method " Url="html/7e26cb23-08a2-66a7-99e2-35d8e0bf9bf3.htm" />
        <HelpTOCNode Title="Button1_Click Method " Url="html/df9e2fc5-eab5-c2c1-97e4-fc9ca924cad9.htm" />
        <HelpTOCNode Title="Button2_Click Method " Url="html/95d48745-d756-50f8-9e63-e62f3900ff1c.htm" />
        <HelpTOCNode Title="Button3_Click Method " Url="html/723fc9e7-43f3-e5fa-c7e6-b52fb49c2cbf.htm" />
        <HelpTOCNode Title="DataBind Method " Url="html/aaeca45d-ffea-c9f4-bcbe-d5c6a53eb3f1.htm" />
        <HelpTOCNode Title="Eval Method " Url="html/57651f25-2c0b-6411-6b0b-f9189ceda8aa.htm" />
        <HelpTOCNode Title="FindControl Method " Url="html/994d1667-187d-4bb6-9731-4dac0064fd63.htm" />
        <HelpTOCNode Title="GetGlobalResourceObject Method " Url="html/b78c7d9c-12b0-2b1d-af03-5b9f9d2a7ac4.htm" />
        <HelpTOCNode Title="GetLocalResourceObject Method " Url="html/08133cc7-9d65-1bf5-aed3-3c87c53f5593.htm" />
        <HelpTOCNode Title="GetPostBackEventReference Method " Url="html/2f06f87b-e480-7f78-7954-714ffda4344c.htm" />
        <HelpTOCNode Title="InitOutputCache Method " Url="html/3efff60c-6172-695c-2dd1-c68f7cf9091c.htm" />
        <HelpTOCNode Title="LoadControl Method " Url="html/7d70e8a3-d910-f1b0-0b7f-9d32267af424.htm" />
        <HelpTOCNode Title="Page_Load Method " Url="html/88b8b021-96cc-4b43-8a60-c13fc2505ef9.htm" />
        <HelpTOCNode Title="ParseControl Method " Url="html/91896b54-238f-178d-40b3-bcca6e84a959.htm" />
        <HelpTOCNode Title="RenderControl Method " Url="html/c1304c9e-cec2-0f98-5ee3-1c0c337685d1.htm" />
        <HelpTOCNode Title="SetFocus Method " Url="html/719d3a7e-e16f-577a-dd66-69c097da796d.htm" />
        <HelpTOCNode Title="Validate Method " Url="html/cf99cd2e-8341-9884-cf18-9f0130c33d8e.htm" />
        <HelpTOCNode Title="XPath Method " Url="html/8a63a103-eb15-b5d6-3715-7c6bebb45888.htm" />
        <HelpTOCNode Title="XPathSelect Method " Url="html/259adfe5-2da0-2b16-702d-2fce23075462.htm" />
      </HelpTOCNode>
      <HelpTOCNode Title="Default Properties" Url="html/bd3b4717-c280-5887-b21c-2fd841a63906.htm" />
      <HelpTOCNode Title="Default Events" Url="html/3e6b599a-0e7e-d406-af2c-89ac64a232bc.htm" />
    </HelpTOCNode>
  </HelpTOCNode>
</HelpTOC>
